{"cameraMode":{"drawMode":0,"name":"Shaded","section":"Shading Mode"},"sceneLighting":false,"audioPlay":false,"sceneViewState":{"m_AlwaysRefresh":false,"showFog":true,"showSkybox":false,"showFlares":true,"showImageEffects":true,"showParticleSystems":true,"showVisualEffectGraphs":true,"m_FxEnabled":true},"in2DMode":false,"pivot":{"x":0.13044244050979615,"y":0.12131664156913758,"z":-0.23163479566574098},"rotation":{"x":-0.16999895870685578,"y":-0.675615668296814,"z":0.16448360681533814,"w":-0.6982806921005249},"size":0.44142138957977297,"orthographic":false}